name,detail_url,pdf_url,local_path,download_status
Jamie's Shoes,https://apps.dfi.wi.gov/apps/FranchiseSearch/details.aspx?id=624395&hash=232981826&search=external&type=GENERAL,,fdds/Jamies_Shoes_624395.pdf,ok_via_postback
"MIF, L.L.C.",https://apps.dfi.wi.gov/apps/FranchiseSearch/details.aspx?id=640705&hash=747039316&search=external&type=GENERAL,,fdds/MIF_LLC_640705.pdf,ok_via_postback
The Cornwell Quality Tools Company,https://apps.dfi.wi.gov/apps/FranchiseSearch/details.aspx?id=640697&hash=1819577324&search=external&type=GENERAL,,fdds/The_Cornwell_Quality_Tools_Company_640697.pdf,ok_via_postback
"CHOICE HOTELS INTERNATIONAL, INC",https://apps.dfi.wi.gov/apps/FranchiseSearch/details.aspx?id=640686&hash=1443762153&search=external&type=GENERAL,,fdds/CHOICE_HOTELS_INTERNATIONAL_INC_640686.pdf,ok_via_postback
LA QUINTA FRANCHISING LLC,https://apps.dfi.wi.gov/apps/FranchiseSearch/details.aspx?id=640629&hash=1899216290&search=external&type=GENERAL,,fdds/LA_QUINTA_FRANCHISING_LLC_640629.pdf,ok_via_postback
"BF Acquisition Holdings, LLC",https://apps.dfi.wi.gov/apps/FranchiseSearch/details.aspx?id=640456&hash=443036143&search=external&type=GENERAL,,fdds/BF_Acquisition_Holdings_LLC_640456.pdf,ok_via_postback
American Dairy Queen Corporation,https://apps.dfi.wi.gov/apps/FranchiseSearch/details.aspx?id=640430&hash=954018507&search=external&type=GENERAL,,fdds/American_Dairy_Queen_Corporation_640430.pdf,ok_via_postback
American Dairy Queen Corporation,https://apps.dfi.wi.gov/apps/FranchiseSearch/details.aspx?id=640429&hash=5259111&search=external&type=GENERAL,,fdds/American_Dairy_Queen_Corporation_640429.pdf,ok_via_postback
"M.G.M. Liquor Stores, Inc.",https://apps.dfi.wi.gov/apps/FranchiseSearch/details.aspx?id=640421&hash=441547005&search=external&type=GENERAL,,fdds/MGM_Liquor_Stores_Inc_640421.pdf,ok_via_postback
"Conquer Franchise Group, LLC",https://apps.dfi.wi.gov/apps/FranchiseSearch/details.aspx?id=640367&hash=66339046&search=external&type=GENERAL,,fdds/Conquer_Franchise_Group_LLC_640367.pdf,ok_via_postback
"SelectQuote Local Insurance Services, LLC",https://apps.dfi.wi.gov/apps/FranchiseSearch/details.aspx?id=640200&hash=1186556099&search=external&type=GENERAL,,fdds/SelectQuote_Local_Insurance_Services_LLC_640200.pdf,ok_via_postback
"1-800 WATER DAMAGE International, LLC",https://apps.dfi.wi.gov/apps/FranchiseSearch/details.aspx?id=640558&hash=696076814&search=external&type=GENERAL,,fdds/1-800_WATER_DAMAGE_International_LLC_640558.pdf,ok_via_postback
Shoot 360 Nation LLC,https://apps.dfi.wi.gov/apps/FranchiseSearch/details.aspx?id=640204&hash=1438927250&search=external&type=GENERAL,,fdds/Shoot_360_Nation_LLC_640204.pdf,ok_via_postback
"1st Class Franchising, LLC",https://apps.dfi.wi.gov/apps/FranchiseSearch/details.aspx?id=640579&hash=131004702&search=external&type=GENERAL,,fdds/1st_Class_Franchising_LLC_640579.pdf,ok_via_postback
"1st Class Franchising, LLC",https://apps.dfi.wi.gov/apps/FranchiseSearch/details.aspx?id=640578&hash=1035280203&search=external&type=GENERAL,,fdds/1st_Class_Franchising_LLC_640578.pdf,ok_via_postback
CENTURY 21 REAL ESTATE LLC,https://apps.dfi.wi.gov/apps/FranchiseSearch/details.aspx?id=640567&hash=1184166917&search=external&type=GENERAL,,fdds/CENTURY_21_REAL_ESTATE_LLC_640567.pdf,ok_via_postback
Hilton Franchise Holding LLC,https://apps.dfi.wi.gov/apps/FranchiseSearch/details.aspx?id=640542&hash=1679018639&search=external&type=GENERAL,,fdds/Hilton_Franchise_Holding_LLC_640542.pdf,ok_via_postback
"Pickleball 365 Franchising, LLC",https://apps.dfi.wi.gov/apps/FranchiseSearch/details.aspx?id=642040&hash=680330708&search=external&type=GENERAL,,fdds/Pickleball_365_Franchising_LLC_642040.pdf,ok_via_postback
Tectum Franchising LLC,https://apps.dfi.wi.gov/apps/FranchiseSearch/details.aspx?id=641418&hash=292860337&search=external&type=GENERAL,,fdds/Tectum_Franchising_LLC_641418.pdf,ok_via_postback
Tectum Franchising LLC,https://apps.dfi.wi.gov/apps/FranchiseSearch/details.aspx?id=641417&hash=275441360&search=external&type=GENERAL,,fdds/Tectum_Franchising_LLC_641417.pdf,ok_via_postback
"360 Painting, LLC",https://apps.dfi.wi.gov/apps/FranchiseSearch/details.aspx?id=641211&hash=2048167741&search=external&type=GENERAL,,fdds/360_Painting_LLC_641211.pdf,ok_via_postback
B3 Franchising LLC,https://apps.dfi.wi.gov/apps/FranchiseSearch/details.aspx?id=640972&hash=1013118840&search=external&type=GENERAL,,fdds/B3_Franchising_LLC_640972.pdf,ok_via_postback
NTV 360 LLC,https://apps.dfi.wi.gov/apps/FranchiseSearch/details.aspx?id=640928&hash=787382808&search=external&type=GENERAL,,fdds/NTV_360_LLC_640928.pdf,ok_via_postback
Alliance Franchise Brands LLC,https://apps.dfi.wi.gov/apps/FranchiseSearch/details.aspx?id=640473&hash=848248247&search=external&type=GENERAL,,fdds/Alliance_Franchise_Brands_LLC_640473.pdf,ok_via_postback
"BD4 Franchise, LLC",https://apps.dfi.wi.gov/apps/FranchiseSearch/details.aspx?id=642186&hash=1015028659&search=external&type=GENERAL,,fdds/BD4_Franchise_LLC_642186.pdf,ok_via_postback
"4Ever Charge Franchising, LLC",https://apps.dfi.wi.gov/apps/FranchiseSearch/details.aspx?id=641692&hash=1291761653&search=external&type=GENERAL,,fdds/4Ever_Charge_Franchising_LLC_641692.pdf,ok_via_postback
"Sweat440 Franchise Systems, LLC",https://apps.dfi.wi.gov/apps/FranchiseSearch/details.aspx?id=641592&hash=1706646169&search=external&type=GENERAL,,fdds/Sweat440_Franchise_Systems_LLC_641592.pdf,ok_via_postback
4Ever Franchisor LLC,https://apps.dfi.wi.gov/apps/FranchiseSearch/details.aspx?id=641524&hash=1905690835&search=external&type=GENERAL,,fdds/4Ever_Franchisor_LLC_641524.pdf,ok_via_postback
M14Hoops Franchising LLC,https://apps.dfi.wi.gov/apps/FranchiseSearch/details.aspx?id=640864&hash=1297496077&search=external&type=GENERAL,,fdds/M14Hoops_Franchising_LLC_640864.pdf,ok_via_postback
F45 Training Incorporated,https://apps.dfi.wi.gov/apps/FranchiseSearch/details.aspx?id=640736&hash=271747183&search=external&type=GENERAL,,fdds/F45_Training_Incorporated_640736.pdf,ok_via_postback
BFK Franchise Company LLC,https://apps.dfi.wi.gov/apps/FranchiseSearch/details.aspx?id=640185&hash=170828995&search=external&type=GENERAL,,fdds/BFK_Franchise_Company_LLC_640185.pdf,ok_via_postback
"Hi-5 ABA, Inc.",https://apps.dfi.wi.gov/apps/FranchiseSearch/details.aspx?id=641474&hash=471613892&search=external&type=GENERAL,,fdds/Hi-5_ABA_Inc_641474.pdf,ok_via_postback
"WinStar 85C, LLC",https://apps.dfi.wi.gov/apps/FranchiseSearch/details.aspx?id=641329&hash=1582335170&search=external&type=GENERAL,,fdds/WinStar_85C_LLC_641329.pdf,ok_via_postback
"Hi-5 ABA, Inc.",https://apps.dfi.wi.gov/apps/FranchiseSearch/details.aspx?id=639669&hash=561179883&search=external&type=GENERAL,,fdds/Hi-5_ABA_Inc_639669.pdf,ok_via_postback
G6 Hospitality Franchising LLC,https://apps.dfi.wi.gov/apps/FranchiseSearch/details.aspx?id=642244&hash=1741337397&search=external&type=GENERAL,,fdds/G6_Hospitality_Franchising_LLC_642244.pdf,ok_via_postback
76 Franchise Group LLC (Regional Developer),https://apps.dfi.wi.gov/apps/FranchiseSearch/details.aspx?id=641389&hash=1030075112&search=external&type=GENERAL,,fdds/76_Franchise_Group_LLC_Regional_Developer_641389.pdf,ok_via_postback
76 Franchise Group LLC,https://apps.dfi.wi.gov/apps/FranchiseSearch/details.aspx?id=641388&hash=270047708&search=external&type=GENERAL,,fdds/76_Franchise_Group_LLC_641388.pdf,ok_via_postback
G6 Hospitality Franchising LLC,https://apps.dfi.wi.gov/apps/FranchiseSearch/details.aspx?id=641280&hash=2030248709&search=external&type=GENERAL,,fdds/G6_Hospitality_Franchising_LLC_641280.pdf,ok_via_postback
G6 Hospitality Franchising LLC,https://apps.dfi.wi.gov/apps/FranchiseSearch/details.aspx?id=640298&hash=550128099&search=external&type=GENERAL,,fdds/G6_Hospitality_Franchising_LLC_640298.pdf,ok_via_postback
Motel 6,https://apps.dfi.wi.gov/apps/FranchiseSearch/details.aspx?id=640296&hash=1503329594&search=external&type=GENERAL,,fdds/Motel_6_640296.pdf,ok_via_postback
"Brew Culture Franchise, LLC",https://apps.dfi.wi.gov/apps/FranchiseSearch/details.aspx?id=641703&hash=74950045&search=external&type=GENERAL,,fdds/Brew_Culture_Franchise_LLC_641703.pdf,ok_via_postback
"7-Eleven, Inc",https://apps.dfi.wi.gov/apps/FranchiseSearch/details.aspx?id=641227&hash=449116199&search=external&type=GENERAL,,fdds/7-Eleven_Inc_641227.pdf,ok_via_postback
"SUPER 8 Worldwide, Inc.",https://apps.dfi.wi.gov/apps/FranchiseSearch/details.aspx?id=640628&hash=1250533202&search=external&type=GENERAL,,fdds/SUPER_8_Worldwide_Inc_640628.pdf,ok_via_postback
"180 WATER FRANCHISING, LLC",https://apps.dfi.wi.gov/apps/FranchiseSearch/details.aspx?id=639761&hash=311157495&search=external&type=GENERAL,,fdds/180_WATER_FRANCHISING_LLC_639761.pdf,ok_via_postback
1-800-RADIATOR FRANCHISOR SPV LLC,https://apps.dfi.wi.gov/apps/FranchiseSearch/details.aspx?id=639679&hash=471749322&search=external&type=GENERAL,,fdds/1-800-RADIATOR_FRANCHISOR_SPV_LLC_639679.pdf,ok_via_postback
"Floyd's 99 Franchising, LLC",https://apps.dfi.wi.gov/apps/FranchiseSearch/details.aspx?id=642079&hash=434899780&search=external&type=GENERAL,,fdds/Floyds_99_Franchising_LLC_642079.pdf,ok_via_postback
911 Restoration Franchise Inc.,https://apps.dfi.wi.gov/apps/FranchiseSearch/details.aspx?id=641987&hash=390149153&search=external&type=GENERAL,,fdds/911_Restoration_Franchise_Inc_641987.pdf,ok_via_postback
"AD2019 Franchise, LLC",https://apps.dfi.wi.gov/apps/FranchiseSearch/details.aspx?id=641780&hash=1204459167&search=external&type=GENERAL,,fdds/AD2019_Franchise_LLC_641780.pdf,ok_via_postback
"K-9 Franchising, LLC",https://apps.dfi.wi.gov/apps/FranchiseSearch/details.aspx?id=641598&hash=1209671762&search=external&type=GENERAL,,fdds/K-9_Franchising_LLC_641598.pdf,ok_via_postback
"9Round Franchising, LLC",https://apps.dfi.wi.gov/apps/FranchiseSearch/details.aspx?id=641029&hash=1143010106&search=external&type=GENERAL,,fdds/9Round_Franchising_LLC_641029.pdf,ok_via_postback
"i9 Sports, LLC",https://apps.dfi.wi.gov/apps/FranchiseSearch/details.aspx?id=640449&hash=89250700&search=external&type=GENERAL,,fdds/i9_Sports_LLC_640449.pdf,ok_via_postback
"Hounds Mounds, Inc.",https://apps.dfi.wi.gov/apps/FranchiseSearch/details.aspx?id=639686&hash=89995993&search=external&type=GENERAL,,fdds/Hounds_Mounds_Inc_639686.pdf,ok_via_postback
